subject_name	organism	sex	barcode	sample_name	type	buffer	container	volume	concentration	library_type	insert_size	subsample	i7	i5
G2554	other	unknown	211200000011	CB_MR_16S-Full-Length-Test	NGSPool	TE	Micronic-0_7ml	30	20	Amplicon_PacBio_SMRTBell	1500	1	AGAGACTGCGACGAGA	CACTCGACTCTCGCGT
G2615	other	unknown	211200000011	CB_MR_16S-Full-Length-Test	NGSPool	TE	Micronic-0_7ml	30	20	Amplicon_PacBio_SMRTBell	1500	2	AGAGACTGCGACGAGA	TCTGTATCTCTATGTG
G2834	other	unknown	211200000011	CB_MR_16S-Full-Length-Test	NGSPool	TE	Micronic-0_7ml	30	20	Amplicon_PacBio_SMRTBell	1500	3	AGAGACTGCGACGAGA	ACAGTCGAGCGCTGCG
G2573	other	unknown	211200000011	CB_MR_16S-Full-Length-Test	NGSPool	TE	Micronic-0_7ml	30	20	Amplicon_PacBio_SMRTBell	1500	4	AGAGACTGCGACGAGA	ACACTAGATCGCGTGT
M1366	other	unknown	211200000011	CB_MR_16S-Full-Length-Test	NGSPool	TE	Micronic-0_7ml	30	20	Amplicon_PacBio_SMRTBell	1500	5	AGAGACTGCGACGAGA	CGCATGACACGTGTGT
M1365	other	unknown	211200000011	CB_MR_16S-Full-Length-Test	NGSPool	TE	Micronic-0_7ml	30	20	Amplicon_PacBio_SMRTBell	1500	6	AGAGACTGCGACGAGA	CACGACACGACGATGT
210500001186			211200000011	CB_MR_16S-Full-Length-Test	NGSPool	TE	Micronic-0_7ml	30	20	Amplicon_PacBio_SMRTBell	1500	7	AGAGACTGCGACGAGA	CACTCACGTGTGATAT
0793285			211200000011	CB_MR_16S-Full-Length-Test	NGSPool	TE	Micronic-0_7ml	30	20	Amplicon_PacBio_SMRTBell	1500	8	AGAGACTGCGACGAGA	CATGTAGAGCAGAGAG
210500001756			211200000011	CB_MR_16S-Full-Length-Test	NGSPool	TE	Micronic-0_7ml	30	20	Amplicon_PacBio_SMRTBell	1500	9	CAGAGAGTGCGCGCGC	CACTCGACTCTCGCGT
0792427			211200000011	CB_MR_16S-Full-Length-Test	NGSPool	TE	Micronic-0_7ml	30	20	Amplicon_PacBio_SMRTBell	1500	10	CAGAGAGTGCGCGCGC	TCTGTATCTCTATGTG
210500000297			211200000011	CB_MR_16S-Full-Length-Test	NGSPool	TE	Micronic-0_7ml	30	20	Amplicon_PacBio_SMRTBell	1500	11	CAGAGAGTGCGCGCGC	ACAGTCGAGCGCTGCG
210500000206			211200000011	CB_MR_16S-Full-Length-Test	NGSPool	TE	Micronic-0_7ml	30	20	Amplicon_PacBio_SMRTBell	1500	12	CAGAGAGTGCGCGCGC	ACACTAGATCGCGTGT
0792776			211200000011	CB_MR_16S-Full-Length-Test	NGSPool	TE	Micronic-0_7ml	30	20	Amplicon_PacBio_SMRTBell	1500	13	CAGAGAGTGCGCGCGC	CGCATGACACGTGTGT
210500000640			211200000011	CB_MR_16S-Full-Length-Test	NGSPool	TE	Micronic-0_7ml	30	20	Amplicon_PacBio_SMRTBell	1500	14	CAGAGAGTGCGCGCGC	CACGACACGACGATGT
0736997			211200000011	CB_MR_16S-Full-Length-Test	NGSPool	TE	Micronic-0_7ml	30	20	Amplicon_PacBio_SMRTBell	1500	15	CAGAGAGTGCGCGCGC	CACTCACGTGTGATAT
210500000333			211200000011	CB_MR_16S-Full-Length-Test	NGSPool	TE	Micronic-0_7ml	30	20	Amplicon_PacBio_SMRTBell	1500	16	CAGAGAGTGCGCGCGC	CATGTAGAGCAGAGAG
210500002533			211200000011	CB_MR_16S-Full-Length-Test	NGSPool	TE	Micronic-0_7ml	30	20	Amplicon_PacBio_SMRTBell	1500	17	CGCGCGTCGTCTCAGC	CACTCGACTCTCGCGT
0793908			211200000011	CB_MR_16S-Full-Length-Test	NGSPool	TE	Micronic-0_7ml	30	20	Amplicon_PacBio_SMRTBell	1500	18	CGCGCGTCGTCTCAGC	TCTGTATCTCTATGTG
0825135			211200000011	CB_MR_16S-Full-Length-Test	NGSPool	TE	Micronic-0_7ml	30	20	Amplicon_PacBio_SMRTBell	1500	19	CGCGCGTCGTCTCAGC	ACAGTCGAGCGCTGCG
210500001300			211200000011	CB_MR_16S-Full-Length-Test	NGSPool	TE	Micronic-0_7ml	30	20	Amplicon_PacBio_SMRTBell	1500	20	CGCGCGTCGTCTCAGC	ACACTAGATCGCGTGT
210500001150			211200000011	CB_MR_16S-Full-Length-Test	NGSPool	TE	Micronic-0_7ml	30	20	Amplicon_PacBio_SMRTBell	1500	21	CGCGCGTCGTCTCAGC	CGCATGACACGTGTGT
210500001030			211200000011	CB_MR_16S-Full-Length-Test	NGSPool	TE	Micronic-0_7ml	30	20	Amplicon_PacBio_SMRTBell	1500	22	CGCGCGTCGTCTCAGC	CACGACACGACGATGT
210500000619			211200000011	CB_MR_16S-Full-Length-Test	NGSPool	TE	Micronic-0_7ml	30	20	Amplicon_PacBio_SMRTBell	1500	23	CGCGCGTCGTCTCAGC	CACTCACGTGTGATAT
210500001330			211200000011	CB_MR_16S-Full-Length-Test	NGSPool	TE	Micronic-0_7ml	30	20	Amplicon_PacBio_SMRTBell	1500	24	CGCGCGTCGTCTCAGC	CATGTAGAGCAGAGAG
210500000275			211200000011	CB_MR_16S-Full-Length-Test	NGSPool	TE	Micronic-0_7ml	30	20	Amplicon_PacBio_SMRTBell	1500	25	AGAGAGTACGATATGT	CACTCGACTCTCGCGT
0736682			211200000011	CB_MR_16S-Full-Length-Test	NGSPool	TE	Micronic-0_7ml	30	20	Amplicon_PacBio_SMRTBell	1500	26	AGAGAGTACGATATGT	TCTGTATCTCTATGTG
210500001132			211200000011	CB_MR_16S-Full-Length-Test	NGSPool	TE	Micronic-0_7ml	30	20	Amplicon_PacBio_SMRTBell	1500	27	AGAGAGTACGATATGT	ACAGTCGAGCGCTGCG
0792353			211200000011	CB_MR_16S-Full-Length-Test	NGSPool	TE	Micronic-0_7ml	30	20	Amplicon_PacBio_SMRTBell	1500	28	AGAGAGTACGATATGT	ACACTAGATCGCGTGT
210500001390			211200000011	CB_MR_16S-Full-Length-Test	NGSPool	TE	Micronic-0_7ml	30	20	Amplicon_PacBio_SMRTBell	1500	29	AGAGAGTACGATATGT	CGCATGACACGTGTGT
0793783			211200000011	CB_MR_16S-Full-Length-Test	NGSPool	TE	Micronic-0_7ml	30	20	Amplicon_PacBio_SMRTBell	1500	30	AGAGAGTACGATATGT	CACGACACGACGATGT
0793177			211200000011	CB_MR_16S-Full-Length-Test	NGSPool	TE	Micronic-0_7ml	30	20	Amplicon_PacBio_SMRTBell	1500	31	AGAGAGTACGATATGT	CACTCACGTGTGATAT
TREAT_0855			211200000011	CB_MR_16S-Full-Length-Test	NGSPool	TE	Micronic-0_7ml	30	20	Amplicon_PacBio_SMRTBell	1500	32	AGAGAGTACGATATGT	CATGTAGAGCAGAGAG
TREAT_0990			211200000011	CB_MR_16S-Full-Length-Test	NGSPool	TE	Micronic-0_7ml	30	20	Amplicon_PacBio_SMRTBell	1500	33	TCTGTAGTGCGTGCGC	CACTCGACTCTCGCGT
TREAT_0435			211200000011	CB_MR_16S-Full-Length-Test	NGSPool	TE	Micronic-0_7ml	30	20	Amplicon_PacBio_SMRTBell	1500	34	TCTGTAGTGCGTGCGC	TCTGTATCTCTATGTG
TREAT_1029			211200000011	CB_MR_16S-Full-Length-Test	NGSPool	TE	Micronic-0_7ml	30	20	Amplicon_PacBio_SMRTBell	1500	35	TCTGTAGTGCGTGCGC	ACAGTCGAGCGCTGCG
TREAT_0855			211200000011	CB_MR_16S-Full-Length-Test	NGSPool	TE	Micronic-0_7ml	30	20	Amplicon_PacBio_SMRTBell	1500	36	TCTGTAGTGCGTGCGC	ACACTAGATCGCGTGT
TREAT_0990			211200000011	CB_MR_16S-Full-Length-Test	NGSPool	TE	Micronic-0_7ml	30	20	Amplicon_PacBio_SMRTBell	1500	37	TCTGTAGTGCGTGCGC	CGCATGACACGTGTGT
TREAT_0995			211200000011	CB_MR_16S-Full-Length-Test	NGSPool	TE	Micronic-0_7ml	30	20	Amplicon_PacBio_SMRTBell	1500	38	TCTGTAGTGCGTGCGC	CACGACACGACGATGT
TREAT_1058			211200000011	CB_MR_16S-Full-Length-Test	NGSPool	TE	Micronic-0_7ml	30	20	Amplicon_PacBio_SMRTBell	1500	39	TCTGTAGTGCGTGCGC	CACTCACGTGTGATAT
TREAT_0990			211200000011	CB_MR_16S-Full-Length-Test	NGSPool	TE	Micronic-0_7ml	30	20	Amplicon_PacBio_SMRTBell	1500	40	TCTGTAGTGCGTGCGC	CATGTAGAGCAGAGAG
1289443PSC1			211200000011	CB_MR_16S-Full-Length-Test	NGSPool	TE	Micronic-0_7ml	30	20	Amplicon_PacBio_SMRTBell	1500	41	ATGTGCGTGTGTGTCT	CACTCGACTCTCGCGT
3820570BSP3			211200000011	CB_MR_16S-Full-Length-Test	NGSPool	TE	Micronic-0_7ml	30	20	Amplicon_PacBio_SMRTBell	1500	42	ATGTGCGTGTGTGTCT	TCTGTATCTCTATGTG
8926998PSC1			211200000011	CB_MR_16S-Full-Length-Test	NGSPool	TE	Micronic-0_7ml	30	20	Amplicon_PacBio_SMRTBell	1500	43	ATGTGCGTGTGTGTCT	ACAGTCGAGCGCTGCG
6789927PSC1			211200000011	CB_MR_16S-Full-Length-Test	NGSPool	TE	Micronic-0_7ml	30	20	Amplicon_PacBio_SMRTBell	1500	44	ATGTGCGTGTGTGTCT	ACACTAGATCGCGTGT
8449197PSC1			211200000011	CB_MR_16S-Full-Length-Test	NGSPool	TE	Micronic-0_7ml	30	20	Amplicon_PacBio_SMRTBell	1500	45	ATGTGCGTGTGTGTCT	CGCATGACACGTGTGT
6154099PSC1			211200000011	CB_MR_16S-Full-Length-Test	NGSPool	TE	Micronic-0_7ml	30	20	Amplicon_PacBio_SMRTBell	1500	46	ATGTGCGTGTGTGTCT	CACGACACGACGATGT
2395010PSC1			211200000011	CB_MR_16S-Full-Length-Test	NGSPool	TE	Micronic-0_7ml	30	20	Amplicon_PacBio_SMRTBell	1500	47	ATGTGCGTGTGTGTCT	CACTCACGTGTGATAT
8473095PSC1			211200000011	CB_MR_16S-Full-Length-Test	NGSPool	TE	Micronic-0_7ml	30	20	Amplicon_PacBio_SMRTBell	1500	48	ATGTGCGTGTGTGTCT	CATGTAGAGCAGAGAG
7140956BSP3			211200000011	CB_MR_16S-Full-Length-Test	NGSPool	TE	Micronic-0_7ml	30	20	Amplicon_PacBio_SMRTBell	1500	49	CTCTCAGACGCTCGTC	CACTCGACTCTCGCGT
4250351PSC1			211200000011	CB_MR_16S-Full-Length-Test	NGSPool	TE	Micronic-0_7ml	30	20	Amplicon_PacBio_SMRTBell	1500	50	CTCTCAGACGCTCGTC	TCTGTATCTCTATGTG
Biofilm_77			211200000011	CB_MR_16S-Full-Length-Test	NGSPool	TE	Micronic-0_7ml	30	20	Amplicon_PacBio_SMRTBell	1500	51	CTCTCAGACGCTCGTC	ACAGTCGAGCGCTGCG
Biofilm_56			211200000011	CB_MR_16S-Full-Length-Test	NGSPool	TE	Micronic-0_7ml	30	20	Amplicon_PacBio_SMRTBell	1500	52	CTCTCAGACGCTCGTC	ACACTAGATCGCGTGT
Biofilm_57			211200000011	CB_MR_16S-Full-Length-Test	NGSPool	TE	Micronic-0_7ml	30	20	Amplicon_PacBio_SMRTBell	1500	53	CTCTCAGACGCTCGTC	CGCATGACACGTGTGT
Biofilm_45			211200000011	CB_MR_16S-Full-Length-Test	NGSPool	TE	Micronic-0_7ml	30	20	Amplicon_PacBio_SMRTBell	1500	54	CTCTCAGACGCTCGTC	CACGACACGACGATGT
Biofilm_34			211200000011	CB_MR_16S-Full-Length-Test	NGSPool	TE	Micronic-0_7ml	30	20	Amplicon_PacBio_SMRTBell	1500	55	CTCTCAGACGCTCGTC	CACTCACGTGTGATAT
Biofilm_23			211200000011	CB_MR_16S-Full-Length-Test	NGSPool	TE	Micronic-0_7ml	30	20	Amplicon_PacBio_SMRTBell	1500	56	CTCTCAGACGCTCGTC	CATGTAGAGCAGAGAG
Biofilm_1			211200000011	CB_MR_16S-Full-Length-Test	NGSPool	TE	Micronic-0_7ml	30	20	Amplicon_PacBio_SMRTBell	1500	57	TATCTCAGTGCGTGTG	CACTCGACTCTCGCGT
Biofilm_12			211200000011	CB_MR_16S-Full-Length-Test	NGSPool	TE	Micronic-0_7ml	30	20	Amplicon_PacBio_SMRTBell	1500	58	TATCTCAGTGCGTGTG	TCTGTATCTCTATGTG
Biofilm_78			211200000011	CB_MR_16S-Full-Length-Test	NGSPool	TE	Micronic-0_7ml	30	20	Amplicon_PacBio_SMRTBell	1500	59	TATCTCAGTGCGTGTG	ACAGTCGAGCGCTGCG
Biofilm_67			211200000011	CB_MR_16S-Full-Length-Test	NGSPool	TE	Micronic-0_7ml	30	20	Amplicon_PacBio_SMRTBell	1500	60	TATCTCAGTGCGTGTG	ACACTAGATCGCGTGT
Biofilm_58			211200000011	CB_MR_16S-Full-Length-Test	NGSPool	TE	Micronic-0_7ml	30	20	Amplicon_PacBio_SMRTBell	1500	61	TATCTCAGTGCGTGTG	CGCATGACACGTGTGT
Biofilm_46			211200000011	CB_MR_16S-Full-Length-Test	NGSPool	TE	Micronic-0_7ml	30	20	Amplicon_PacBio_SMRTBell	1500	62	TATCTCAGTGCGTGTG	CACGACACGACGATGT
15_G1			211200000011	CB_MR_16S-Full-Length-Test	NGSPool	TE	Micronic-0_7ml	30	20	Amplicon_PacBio_SMRTBell	1500	63	TATCTCAGTGCGTGTG	CACTCACGTGTGATAT
16_G1			211200000011	CB_MR_16S-Full-Length-Test	NGSPool	TE	Micronic-0_7ml	30	20	Amplicon_PacBio_SMRTBell	1500	64	TATCTCAGTGCGTGTG	CATGTAGAGCAGAGAG
17_G1			211200000011	CB_MR_16S-Full-Length-Test	NGSPool	TE	Micronic-0_7ml	30	20	Amplicon_PacBio_SMRTBell	1500	65	TGTGTCTATACTCATC	CACTCGACTCTCGCGT
18_G1			211200000011	CB_MR_16S-Full-Length-Test	NGSPool	TE	Micronic-0_7ml	30	20	Amplicon_PacBio_SMRTBell	1500	66	TGTGTCTATACTCATC	TCTGTATCTCTATGTG
19_G1			211200000011	CB_MR_16S-Full-Length-Test	NGSPool	TE	Micronic-0_7ml	30	20	Amplicon_PacBio_SMRTBell	1500	67	TGTGTCTATACTCATC	ACAGTCGAGCGCTGCG
20_G1			211200000011	CB_MR_16S-Full-Length-Test	NGSPool	TE	Micronic-0_7ml	30	20	Amplicon_PacBio_SMRTBell	1500	68	TGTGTCTATACTCATC	ACACTAGATCGCGTGT
21_G2			211200000011	CB_MR_16S-Full-Length-Test	NGSPool	TE	Micronic-0_7ml	30	20	Amplicon_PacBio_SMRTBell	1500	69	TGTGTCTATACTCATC	CGCATGACACGTGTGT
22_G2			211200000011	CB_MR_16S-Full-Length-Test	NGSPool	TE	Micronic-0_7ml	30	20	Amplicon_PacBio_SMRTBell	1500	70	TGTGTCTATACTCATC	CACGACACGACGATGT
23_G2			211200000011	CB_MR_16S-Full-Length-Test	NGSPool	TE	Micronic-0_7ml	30	20	Amplicon_PacBio_SMRTBell	1500	71	TGTGTCTATACTCATC	CACTCACGTGTGATAT
24_G2			211200000011	CB_MR_16S-Full-Length-Test	NGSPool	TE	Micronic-0_7ml	30	20	Amplicon_PacBio_SMRTBell	1500	72	TGTGTCTATACTCATC	CATGTAGAGCAGAGAG
MOCK10	other	unknown	211200000011	CB_MR_16S-Full-Length-Test	NGSPool	TE	Micronic-0_7ml	30	20	Amplicon_PacBio_SMRTBell	1500	73	TATAGACTATCTGAGA	CACTCGACTCTCGCGT
MOCK100	other	unknown	211200000011	CB_MR_16S-Full-Length-Test	NGSPool	TE	Micronic-0_7ml	30	20	Amplicon_PacBio_SMRTBell	1500	74	TATAGACTATCTGAGA	TCTGTATCTCTATGTG
MOCK1000	other	unknown	211200000011	CB_MR_16S-Full-Length-Test	NGSPool	TE	Micronic-0_7ml	30	20	Amplicon_PacBio_SMRTBell	1500	75	TATAGACTATCTGAGA	ACAGTCGAGCGCTGCG
MOCK10000	other	unknown	211200000011	CB_MR_16S-Full-Length-Test	NGSPool	TE	Micronic-0_7ml	30	20	Amplicon_PacBio_SMRTBell	1500	76	TATAGACTATCTGAGA	ACACTAGATCGCGTGT
853995BSP3	other	unknown	211200000011	CB_MR_16S-Full-Length-Test	NGSPool	TE	Micronic-0_7ml	30	20	Amplicon_PacBio_SMRTBell	1500	77	TATAGACTATCTGAGA	CGCATGACACGTGTGT
5368279BSP3	other	unknown	211200000011	CB_MR_16S-Full-Length-Test	NGSPool	TE	Micronic-0_7ml	30	20	Amplicon_PacBio_SMRTBell	1500	78	TATAGACTATCTGAGA	CACGACACGACGATGT
5158846BSP3	other	unknown	211200000011	CB_MR_16S-Full-Length-Test	NGSPool	TE	Micronic-0_7ml	30	20	Amplicon_PacBio_SMRTBell	1500	79	TATAGACTATCTGAGA	CACTCACGTGTGATAT
3358941BSP3	other	unknown	211200000011	CB_MR_16S-Full-Length-Test	NGSPool	TE	Micronic-0_7ml	30	20	Amplicon_PacBio_SMRTBell	1500	80	TATAGACTATCTGAGA	CATGTAGAGCAGAGAG
231979BSP3	other	unknown	211200000011	CB_MR_16S-Full-Length-Test	NGSPool	TE	Micronic-0_7ml	30	20	Amplicon_PacBio_SMRTBell	1500	81	GTATGTGAGAGAGCGC	CACTCGACTCTCGCGT
4935827BSP3	other	unknown	211200000011	CB_MR_16S-Full-Length-Test	NGSPool	TE	Micronic-0_7ml	30	20	Amplicon_PacBio_SMRTBell	1500	82	GTATGTGAGAGAGCGC	TCTGTATCTCTATGTG
4751575BSP3	other	unknown	211200000011	CB_MR_16S-Full-Length-Test	NGSPool	TE	Micronic-0_7ml	30	20	Amplicon_PacBio_SMRTBell	1500	83	GTATGTGAGAGAGCGC	ACAGTCGAGCGCTGCG
5046005BSP3	other	unknown	211200000011	CB_MR_16S-Full-Length-Test	NGSPool	TE	Micronic-0_7ml	30	20	Amplicon_PacBio_SMRTBell	1500	84	GTATGTGAGAGAGCGC	ACACTAGATCGCGTGT
3373447BSP	other	unknown	211200000011	CB_MR_16S-Full-Length-Test	NGSPool	TE	Micronic-0_7ml	30	20	Amplicon_PacBio_SMRTBell	1500	85	GTATGTGAGAGAGCGC	CGCATGACACGTGTGT
1147919BSP3	other	unknown	211200000011	CB_MR_16S-Full-Length-Test	NGSPool	TE	Micronic-0_7ml	30	20	Amplicon_PacBio_SMRTBell	1500	86	GTATGTGAGAGAGCGC	CACGACACGACGATGT
8599411BSP3	other	unknown	211200000011	CB_MR_16S-Full-Length-Test	NGSPool	TE	Micronic-0_7ml	30	20	Amplicon_PacBio_SMRTBell	1500	87	GTATGTGAGAGAGCGC	CACTCACGTGTGATAT
5000366BSP3	other	unknown	211200000011	CB_MR_16S-Full-Length-Test	NGSPool	TE	Micronic-0_7ml	30	20	Amplicon_PacBio_SMRTBell	1500	88	GTATGTGAGAGAGCGC	CATGTAGAGCAGAGAG
948954BSP3	other	unknown	211200000011	CB_MR_16S-Full-Length-Test	NGSPool	TE	Micronic-0_7ml	30	20	Amplicon_PacBio_SMRTBell	1500	89	CACGCGACGCTCTCTA	CACTCGACTCTCGCGT
9434305BSP3	other	unknown	211200000011	CB_MR_16S-Full-Length-Test	NGSPool	TE	Micronic-0_7ml	30	20	Amplicon_PacBio_SMRTBell	1500	90	CACGCGACGCTCTCTA	TCTGTATCTCTATGTG
8978860BSP3	other	unknown	211200000011	CB_MR_16S-Full-Length-Test	NGSPool	TE	Micronic-0_7ml	30	20	Amplicon_PacBio_SMRTBell	1500	91	CACGCGACGCTCTCTA	ACAGTCGAGCGCTGCG
8106348BSP3	other	unknown	211200000011	CB_MR_16S-Full-Length-Test	NGSPool	TE	Micronic-0_7ml	30	20	Amplicon_PacBio_SMRTBell	1500	92	CACGCGACGCTCTCTA	ACACTAGATCGCGTGT
8103502BSP3	other	unknown	211200000011	CB_MR_16S-Full-Length-Test	NGSPool	TE	Micronic-0_7ml	30	20	Amplicon_PacBio_SMRTBell	1500	93	CACGCGACGCTCTCTA	CGCATGACACGTGTGT
128198BSP3	other	unknown	211200000011	CB_MR_16S-Full-Length-Test	NGSPool	TE	Micronic-0_7ml	30	20	Amplicon_PacBio_SMRTBell	1500	94	CACGCGACGCTCTCTA	CACGACACGACGATGT
NTC			211200000011	CB_MR_16S-Full-Length-Test	NGSPool	TE	Micronic-0_7ml	30	20	Amplicon_PacBio_SMRTBell	1500	95	CACGCGACGCTCTCTA	CACTCACGTGTGATAT
MOCK			211200000011	CB_MR_16S-Full-Length-Test	NGSPool	TE	Micronic-0_7ml	30	20	Amplicon_PacBio_SMRTBell	1500	96	CACGCGACGCTCTCTA	CATGTAGAGCAGAGAG
